x1,x2,x3,y
-0.9983312372778932,0.23882807976789122,-0.08029185680635331,-4.055054259618417
-0.7238498567616183,0.875163962753098,-0.13098236705688637,0.2998337688596235
-0.040999879898739655,-1.0,-0.21128311384648235,2.507969560104666
-1.0,0.019922433476751822,0.6417524548325684,-3.2886587410296046
1.0,0.6068182334710119,-1.0,13.453906733291536
0.8945008307803124,0.6490075869875005,0.26928677790589894,5.805391752485087
-0.07975632321446535,0.36227905953524786,0.25563870714924564,-0.32079693961292477
-0.05597604862766081,0.10380436910445878,0.22927063725597052,-0.04900589780683995
-1.0,0.24385479461296544,-1.0,14.037975811428788
-1.0,-0.43002278182843656,-0.06731257898512721,-1.5204358608032207
0.319397321274417,-0.08690738490325334,0.8625909997970607,0.37751790559402276
0.5453199863061908,0.45060639862315166,0.6527379849095845,1.57122521759443
-0.45361017718633256,0.17018711195546254,-0.6315756263248375,-0.08496856198983341
-1.0,-0.039393996911361695,-1.0,10.529278042317305
1.0,0.9630409627673124,-0.5239159464631584,17.794802731296173
-0.6103632452609355,0.37930731449280364,-1.0,-1.4381864902981483
0.7214800654739939,-0.03928247069868629,-1.0,-0.5163376149343916
0.5534839414435695,-0.7661737120557868,-0.5509986566544995,1.1188683504892531
-0.1639053168788358,-0.05666855963119377,1.0,0.5677407604851183
-0.5472920773785852,-0.008545143527928678,0.09045644822513421,0.01883858188509746
0.9682255732046161,-0.10861860337211438,-0.12555968353048885,3.310223588723931
1.0,-0.7251668969532472,1.0,1.21139538997322
0.7822157817354207,0.022958278206434812,0.8692884263203347,3.792006182794466
-1.0,0.2774388380092039,-0.7878310030139535,4.477836218185626
-0.18023846414602085,-0.24406985155558902,0.32690147148594817,0.7773256547435041
-0.86614299195401,-1.0,0.7640898071525064,10.88387115239177
-0.1568471921303909,0.6351406522659471,-1.0,-4.766632295937944
-1.0,-0.395991357625304,0.8122255969459833,3.072955590652077
1.0,-0.3437468084780009,-0.18574947209589032,3.323721081298645
0.8762919555044293,0.8042069943415651,-0.09831924868140751,4.95703506177377
-0.12885494813937526,1.0,-0.20523674396791391,8.390861063832997
-0.3313534482839229,-1.0,-0.40103401544746053,1.7937138609612766
-1.0,0.3092307777455956,0.23171120188757888,-5.0032252043846395
1.0,0.01653065843567214,-0.6784801471789368,5.732110063528214
0.029001649670435947,-1.0,0.2826741092269167,2.370668838409707
0.4180786676114394,1.0,-1.0,7.391419358185136
1.0,0.09620204710607516,0.15520964272398752,5.288692236329556
0.771012943861435,-1.0,-0.05774533678898708,-3.0283255334377928
1.0,-0.9342843307797923,0.8979642129021559,-2.4730849446662004
-0.7036649473181349,1.0,-1.0,2.2976950628964286
-0.570341978757847,-0.5074928536959409,0.797094163154936,1.078956182015847
0.7629118458619188,-0.1567839245375271,0.32476771277969085,3.079976553527878
-1.0,-1.0,-0.6733255271526655,4.30072997982931
1.0,1.0,0.059649067606814876,13.694758588862632
-1.0,0.7115929423671137,0.9545062501420107,6.032982173141562
-0.31454281656976346,-1.0,0.8916964773827409,-3.389882071183938
-0.39271139938714605,-0.5308675259192237,0.41569310827685,0.21426682183187712
0.39496038071765316,-0.33600474322027507,0.4154306289271301,1.0388675310028839
-0.776976753497518,0.3818113074665972,1.0,3.1483252754477795
-0.5682668917829599,0.16016762918313043,0.07127937483578561,-1.715871800386247
-1.0,-0.658186335929005,0.10547838836293444,1.139747515803295
0.6615852035831649,-0.2067134040841594,-1.0,-2.647362959305499
-0.9167848123597955,0.4093573596437192,-0.872587193785936,5.017852855364266
1.0,0.08638551564903629,0.5788387051220696,7.520093336489967
-0.7437481614226487,-0.2485097112284156,0.5841699484587621,-0.09777064498816243
-1.0,0.20199586570495232,0.49477315132768673,-4.9764320778947875
-0.4177668260011762,0.37767215570765744,-0.357271928715305,-1.0435762364419956
0.30233854343234423,-1.0,0.9256742918059608,-5.300112242630895
0.5385651421563524,-0.5652590347407298,-0.37006781495522034,0.986041744527219
0.2728297768280976,-0.29445577386303357,-0.9982442432637126,-3.91457561251722
0.17476290335392264,-0.3997910073202682,0.7035735866941826,0.07039720945187368
1.0,-0.05495223463438692,-0.20441045445604566,4.735672021724591
-0.24069942967983304,-1.0,-0.09788183984231869,2.719201790023474
1.0,-0.05537285991575813,0.3091808160732197,5.475116606621873
-0.21343546465815244,-0.09233581366170607,1.0,0.53805764843575
-0.5460373272555468,0.42450962103890144,1.0,3.8339099526145444
0.6728606043647642,-0.3696225593112421,-0.10275953868580445,1.7686657227510845
-0.3048966968497646,0.0068657283045492346,-1.0,-3.0274955398673544
0.9186146814425535,-0.16680509734795335,-0.0793371840167072,2.8742052663394033
-0.06869681384357351,0.01835552758126724,-0.4592555965715479,0.11266761456041263
0.16862331969426458,-0.4492079650656109,0.38059771717498747,0.9606393464230056
0.39332848059203296,0.9470249368230614,0.43971164797593865,5.496464817839823
0.5295513155159,0.9282980566148016,0.7813964447169544,7.690144522964422
-0.2044773289043118,0.44550683169614147,0.8638463660496167,1.3506295739520429
0.9816091734741219,1.0,0.34203816274170995,12.8599584886137
0.36502742736069926,-0.16829336076237045,0.4124534557245285,0.5980605647657503
-0.41081552607914795,1.0,-1.0,0.8485203612940251
0.4513153532844867,0.0447989796183359,0.08700433192802248,1.611350985423707
-1.0,0.8857424163844321,0.15148002486141254,1.8648183703355403
1.0,-0.5035409305571403,-0.844714745302195,4.990330837010413
0.19716011072710637,-1.0,0.19508038450719734,2.1302816097074713
-0.21642465934183508,1.0,1.0,14.69895003620232
-0.06277798144656144,0.9625097443995196,0.9356390290798855,11.154799472459228
0.8914897055519553,-0.37690351590340665,0.4113907811773687,3.6453409102994176
-0.32523576343389693,-0.8641573684902402,-0.8694026383017923,-4.565164516052513
1.0,-0.882557104450737,0.8665877996770921,-1.542836748778096
-0.9050695887734044,0.3762560150747172,0.6356138850307766,-3.9307498468246496
0.7378631179409914,-1.0,-0.30156066841232354,-3.122878257258659
-0.13636223313259,0.03131800194263046,-0.7033246741786758,0.13933356300021332
0.7161770018069087,-0.5313130260562533,-0.976645733953263,-4.898350255117422
0.43905210535142647,-0.9157809360916753,0.3125262959519537,1.2681769917961976
0.7894383317681664,-1.0,0.6915979815302467,-2.9232876817103133
0.5199965107231135,-1.0,0.18685163672189864,0.44822391742955625
0.1710597647344314,-0.30512059076821596,0.33243161164504187,1.0883705424401957
-0.5325768125795192,1.0,-0.899879417133223,1.6826199718833563
-0.8705219200123537,-1.0,0.665645837864949,9.3644344303601
0.12934900580824849,-0.5380065481407741,-1.0,-6.69657987812715
-1.0,0.10955985396766788,1.0,2.801241782793441
-1.0,1.0,-0.5172307287845233,11.859413502167527
-0.10533423800686514,0.18843004305255007,0.09187264957563501,0.060571707759759355
-0.4024791826578331,0.8659846937795714,-0.01640419828606232,1.6303487311574802
-0.09286605781862933,0.0504990949476003,-1.0,-3.2990644793183095
1.0,1.0,0.39277148671960704,13.64202829902674
-0.625477994800288,0.6940451144478434,-0.37472641159354847,-1.8564596557034405
0.12451691022927935,7.358948366387175e-05,0.1150610688531506,1.3652585418958805
-0.9085101564383904,-0.73695451262787,0.12139848482368643,3.433204223343689
1.0,0.12589093306944332,1.0,15.42935652333054
-0.8604755438197689,-0.2516191008684159,1.0,4.02380294720325
-1.0,0.0020828549706473076,-0.6264728739905521,-0.5250024205766389
-0.3120533773559777,1.0,0.23272451802092764,6.168074376642455
-1.0,0.7633574076986136,-1.0,20.01648797328153
-0.3496824011706705,-0.8913613999896575,-0.22690628934943935,1.882276440102098
-0.49545256614530686,1.0,0.5499954612774112,5.91816393932989
1.0,-0.10084970318616637,-0.2846491553436672,4.498203299402511
-0.9483839219868175,-0.7438975468087643,0.3038918616130657,3.930531429276648
-0.2979746019602634,-0.24942578541644234,-0.7747543524333804,-1.0803031895005
0.3950907122828713,0.4618475516430498,-0.5384767198046465,0.6448827647931024
0.670495643627083,0.8151385010471202,-0.6696196094688864,3.8452774637295852
0.17340030833265363,0.5253754550378749,-1.0,-3.5488637344869334
-1.0,-0.47394048253362575,0.716285811470101,3.1325392839351007
0.6196998440708625,-1.0,0.9425452694335765,-5.2529109571272
0.10184542901646565,-0.7154680424665156,0.4668440604314801,0.7071105135592092
-1.0,0.5192560049368797,0.8919753153208969,-0.7376328784636101
0.3536028466602057,-0.8331458469451662,-0.7943764551388486,-3.178914166042785
-0.012069277992464267,-0.38568037017652235,-1.0,-4.730770316207678
-1.0,-0.9617104863931922,-0.6408302071526812,3.9263796220096014
-0.9426268564314864,0.5635152977428803,0.16214881882496224,-2.8045599300302286
-0.21657398581240228,1.0,1.0,14.696585416736074
-0.5346279362511437,0.8531001706270989,-0.49952715301332007,-0.30264607705169894
-0.5453674794724552,1.0,-0.47880771296688507,5.1368544988207265
0.26009696918220726,1.0,-0.040915224938675276,8.06948338123369
0.462232977845372,0.6804986204807459,0.525601000141275,2.4864273942901924
-0.7426368376243877,-0.4990278037830105,-0.7184721361135176,1.132152422268487
1.0,1.0,0.9475693028002086,24.09341615116649
0.7628013910109608,0.09884125509126629,0.8219054567004298,3.3191278209476973
-0.8332062921685939,-1.0,0.837418436920252,9.01476259695315
-0.667213842913041,0.16400589128918353,-0.49911719986562897,-0.7375767601842881
-0.45564748493503293,-0.9778243035772471,-0.2713627097294671,3.2148404747491215
-0.5427626981085536,0.03852740589313619,0.55684919782534,-0.332150681040883
-0.6386069667060428,-1.0,-1.0,-8.2100505560949
-0.6395106123897532,-0.4916569663176269,1.0,2.3309298287252984
0.46717636229001025,-0.25947849218060215,0.5544909162985128,1.6370625115792372
-1.0,-0.28233745011229505,0.19747326822454525,-3.5012523370091784
-1.0,-0.5292547717158265,0.5607158934239636,1.1840552707299907
-1.0,-0.44593549219368667,1.0,8.221747446050477
-0.29335202160643026,1.0,0.523048458024092,7.36848821755822
-0.3548857115330044,0.1733672860289639,0.8566243996290515,-0.491193223176957
0.02445958624663036,-1.0,0.7743676332458065,-2.0889791899005674
0.4932941824009587,-1.0,-0.1040602035439917,-0.039856007681496074
-1.0,-0.9967736077181792,1.0,22.132793459584637
-0.012679781290019898,-1.0,-1.0,-16.722495599706473
0.17255230631399332,0.06735267878023876,0.09737946324724711,1.0644183156549483
-0.2907486072903853,-0.04702601637154169,0.830580532951646,0.5372135261164995
0.33765165734092784,-0.5129854334149782,-0.8711936483758222,-2.704199999060613
-0.8118874187279603,-0.050679610379136486,-0.25730947078025856,-1.291485251850375
0.27706614851027456,-0.6259356276625803,-0.007467066160672831,1.5895440846757511
0.15883462564757655,-0.01273831927072977,-1.0,-3.5161028306462807
-0.8979991750370773,1.0,0.5854023791596965,1.5258730457978131
-0.47018030649046616,-0.23351737379637894,-0.06330713275882327,0.8429430362387328
-0.5085288541682247,-0.3614362832299576,0.45530334515829973,0.9819446755063586
0.1011264670062415,-0.9273656877141347,-0.6463244848596561,-1.7554743160786903
1.0,-0.2223413331789652,-0.26036290892961067,4.1174082472841835
-1.0,1.0,-0.7508086113027497,13.726211148373027
0.210062604533525,-1.0,-1.0,-19.168434472105307
1.0,-1.0,-0.6620548662934496,-13.619118230527967
-0.07820324407819523,1.0,-0.09878325695744006,8.505480165008901
-0.7746305462015732,0.3648640687602003,-0.08427484391535889,-2.8293221613978106
0.797338121364159,-0.12001794217254891,1.0,2.1514353431964635
-1.0,-0.2482861433683905,0.0837664946361325,-3.9078550613576493
-0.5547812239563163,-0.37621950154392225,-1.0,-0.7965375688460378
0.17392737266976743,1.0,0.41963331231949996,6.8314117090866695
0.4264570290450185,-0.22154323765572514,-0.6069040102685777,0.5903102492838095
-0.3338183666492054,0.17186854105205063,0.13681095925508213,0.09546348849108838
1.0,1.0,0.7498695412480187,17.31817999996524
0.10683983665941055,0.10565081540674992,0.3457513413009532,1.21494895326008
-0.39394479837105,0.5186526868977555,1.0,4.141487483442655
-0.80005513960746,-0.16766271525649334,-0.16400022214914478,-0.22260223864495887
-0.8258695363911075,-0.2634475277444204,-0.32463095085714655,-0.28108980187225924
0.9582339152329453,0.4183440725248211,1.0,17.66578233735806
1.0,-0.2966055782734407,-0.07928790535492292,4.585334146295926
0.9475302419500553,-0.09288908460334677,-0.5655063804855347,3.980682872462903
1.0,0.3168076381411933,-0.25779307661695383,4.09109228554774
0.12684530628240753,-0.029311365390513267,-1.0,-3.0896862421287064
-0.5131010912942291,0.8862513849699112,-0.8645241513881006,-1.9164326451214082
1.0,0.9193094114347664,0.9092812290985008,22.344946382330146
-0.5940315488301509,-0.8427242111072233,-0.5767232185974671,1.5700337228457426
0.8456285262309406,1.0,0.7575015071550961,11.289583712274903
1.0,-1.0,1.0,-9.879189813131935
-1.0,-0.1657635323290796,-0.14481995251446866,-2.7509075432356216
-0.6313439645794245,0.3283059922560996,-0.14802957282435947,-1.4334487511057672
0.4881778103182335,-0.7002023620154927,-1.0,-9.05858985697165
-0.6174734089207861,-0.18903662524634046,0.9297231767559877,0.9472284098706674
0.10969104528910623,-1.0,1.0,-6.737334512222661
-1.0,-1.0,-0.20205754905899243,6.327721436618117
-0.6486505547291113,1.0,0.16373072818477907,4.5678951718533
0.6327121945693746,0.6345872777515273,-0.5189572490874907,2.4047475795922897
0.9873876906827899,-0.38272499230188073,-0.5090455109555845,4.5558042500056075
0.09944392487761533,-0.8767161753342254,0.26479620536769777,0.5336633862720985
1.0,0.18294001298554363,-0.4782980167004993,4.84069054980533
0.6455627132605757,-0.30139514269649337,-0.8813128807996293,-0.42958386461129905
0.3246669398808719,0.5961591498581806,0.030464307063749363,0.5522492008076159
0.2698755423124093,0.004815929696390553,0.9205406475274736,-0.7342929071562478
-1.0,-0.8633367591328871,0.5149509708401139,7.671564294795414
0.15895036506425164,0.25331071709727193,1.0,1.7661441074488382
-0.2654320441692668,0.46370195503483114,-1.0,-3.843706486018525
-0.8439038196683457,-0.2636709224387157,0.5512785022948847,-0.6214993770410493
-0.24796642370276323,0.9563972843314028,-1.0,-0.4294039252920102
-0.2678811162083836,-1.0,-0.997463818586235,-15.163641406725942
0.01908898982550178,-1.0,-1.0,-17.039401677691526
-0.3605265982835957,1.0,-0.768519208935067,5.828343922727848
0.2643456085949816,-0.7687849877513406,-0.658427596946388,-0.37230196787706515
0.17508773294160807,0.5886577983612538,-1.0,-3.971808874821579
0.41431798718295876,0.043972808630940774,0.3762873524658372,1.755781470144663
-1.0,-1.0,-0.40614556794887946,5.797196860626969
0.7855859760375246,-0.14313419965518182,-0.3546636274636088,2.03911969067772
0.34457880356464154,1.0,0.6906676684218251,7.811089422576522
-0.08515567166582327,-1.0,-0.7015991896036204,-4.229380413485784
-0.9684888676088816,-0.3461702192410556,1.0,6.377029411761738
-0.36170963583377413,-0.05881543338141215,-0.16859748940748331,-0.30686901536835925
-0.31266831365829884,0.1909531770640489,-1.0,-2.7036659354858172
0.4027031667168641,0.18313301915972002,1.0,0.6331216614859678
-1.0,0.5422989529070175,1.0,6.38396772934644
-1.0,0.4934149785866224,-0.6096270770535577,1.0480746443295532
-0.0430797001219001,0.13648699856231428,1.0,1.7946363917299775
-0.12235396929942177,-0.7355210630220106,0.07038883817430075,1.7251573742140214
-0.3649193663293515,0.4813586466079791,0.011777766115907307,-1.1579603752565537
-1.0,0.0694535096797042,0.3533256419315598,-5.373983484568716
-1.0,1.0,-0.044375239340386896,8.523674722495148
0.1884045344905123,0.022542002551035667,-0.033677766707383316,1.23961051521941
0.8535130669857176,0.6200692583306242,-0.40310121283106026,2.4003337837699723
0.6703083547105322,0.6176761356978906,0.9209856759794288,6.128356751117076
1.0,-0.19642834568651124,-0.582612560795837,6.1520923079236045
-0.08356264262206436,0.07229871528085496,0.47062494081612005,0.2520874876876108
-0.30419265887156133,0.2978194484591328,0.8915993687967418,0.54515986754786
-1.0,1.0,0.34247694190550626,3.4162138454307955
0.3924748978471724,-1.0,1.0,-7.237175939471455
-0.6324582702247816,-0.18975804894507697,0.9142627586178271,1.55258813273127
0.4552904672806033,-0.4926000725408277,-0.18296428528390307,0.8551043244895992
1.0,-0.08358607639034199,0.21394250949560778,5.898254241865163
-0.8312238774962306,0.042705652802217386,-0.44526388849157583,-1.3745893763157118
0.6868560181901742,-0.2600949319645287,0.10646223258374099,1.1045205134298928
0.12441769423754434,-0.647240389652924,0.27020973108735546,0.7312175558818543
-0.939903672330459,-0.35687269109371456,0.9982086361092277,5.650470500655962
1.0,-1.0,0.37290427387849556,-7.227635801605442
0.5074531944386345,0.46691204538504105,1.0,3.599899425855174
-0.7012354578549309,-1.0,0.054175445103304076,5.587786903780202
0.39047501503828896,0.36428235304523704,0.2332722700688259,0.6717724555257886
-0.4017980741367251,0.8327091968172864,0.4729063860036826,2.545344620567996
-1.0,-0.26131916924117315,0.12769376154623746,-3.09031804765988
-0.3778414561557666,-0.173293896476586,-0.413539033801942,0.7867298849222991
0.20863407742042783,-0.48479478207550275,-0.3479675288477484,1.6956541370989433
-0.7734418263054328,0.010956603193248649,1.0,2.699127083975299
-0.1686072592232022,-1.0,1.0,-5.22899888959798
0.18556118085894058,-0.17041412429338876,1.0,-1.1678620801180655
-0.7857195196743327,0.023282695976602596,0.4502613720257098,-1.5972516155016165
-0.48295966414499936,1.0,-1.0,0.13515580000165345
-0.1830375987143822,-0.41055765480352613,-1.0,-4.313537480015175
-1.0,0.2921161906916525,-0.5426915514600799,-0.9893651703173156
0.30599119539283226,1.0,1.0,10.486403867527503
0.25718017533820614,-0.1840422375318005,0.2374554094164465,0.4066017407689312
-0.36337448355496527,-1.0,1.0,-4.333436010768727
-0.9311757072892148,-1.0,0.5134851179102051,10.053616952706276
-0.6648768875227682,-0.20466312235301531,0.44324752862637173,0.22895260467006956
-1.0,0.9677541742654012,0.1332835138658912,5.51567420416445
-0.6703033972216588,-0.5268054933907054,1.0,2.6750192059714117
0.16333818632797126,-1.0,0.3360075186509792,1.6198131246415135
-1.0,1.0,0.06090449503893813,6.565462188554987
0.26053553426359577,0.4971432496296364,-1.0,-3.356902914182753
-0.68044579909101,0.37601171336010686,-1.0,0.8970952154916525
0.5990812194538528,0.7796372333444346,-0.6372873810433475,3.2878060628802457
-0.8484796392358669,0.29382066724018396,0.1293493757281876,-3.4864953542555535
-1.0,0.8536941255374595,1.0,13.041228088658807
-0.9306472281964853,1.0,1.0,15.904345270518396
0.6427102862835465,-0.4452808982694647,-0.441169205854423,0.4798956779981849
0.14619769254484916,-0.27811292096040763,0.5638630779476352,0.7497287613050003
0.6538887410104635,-0.7402503773477198,1.0,-3.404729083618194
-0.21492868245024543,-0.5154407226380477,0.6603398030376828,0.25635555024566153
0.555813783060269,1.0,-0.8036045878898872,11.93059186734136
0.7491292862817214,0.8625905519442345,0.07957973819095998,4.249276256365071
-0.08642264949386669,0.8802812955896513,0.9714278046066858,8.34179618741105
-0.9220530876529052,-1.0,-0.15156102447903996,7.761275106019162
0.14502085149568233,1.0,0.29618048780596995,7.527739824642893
-0.4100109471406379,-0.8588461677336396,-0.08353747125882438,3.0353526903032306
1.0,-0.28952195554963067,0.23159166265258957,5.020724210271908
-0.08466023560638747,0.13944632224853382,-0.08788288181900006,-0.15436034574196633
-1.0,0.0427271175443702,0.907448416285292,1.154401685403792
1.0,0.7516812530830239,0.16295665599892728,8.610590669187035
-1.0,-0.32591578737489235,0.5412294491428702,-2.0689922493566804
0.02854404720992254,-1.0,0.3899584209549867,0.8834057764492377
-0.8181202000738168,-0.10501988623986258,-0.938801155495604,4.508154029568068
-0.19359299424406018,1.0,-1.0,2.206799525282995
0.9389288358702663,-1.0,0.34843266108928983,-5.921853452778337
-0.8375148091283484,-1.0,-0.044461097775148284,6.668353858998608
1.0,0.589991749421511,-1.0,13.631359528970592
-0.8145172711337254,-0.1733823262405476,1.0,2.284918695311923
-1.0,-0.6500865706487446,-1.0,5.120639354525047
0.22502442249247778,-0.6124732357386524,-0.4414669665226443,1.9605055931147568
0.35950856982548274,-0.8701392913844277,-0.40913421332124744,0.8857340027814032
-0.10215129668352274,0.8349710791703526,0.5748445037686025,2.353238785948858
0.5370416904102089,0.16532425809581852,-0.9117992852319234,-0.7733523018403041
0.2097588513137334,-1.0,-1.0,-18.399810924127106
1.0,0.20898879323383368,-0.6176011294810722,6.164760977751286
-1.0,0.6608620321425163,0.2901874500002495,-2.768365609343051
0.8367585819233678,-1.0,0.42659131875155243,-3.1941100195888077
-0.940044615365764,-0.9129915015524095,1.0,14.504249535466343
0.14662322072561418,-0.8633282800739874,0.05644816259025753,2.55217971721041
0.23766493437576486,-1.0,-0.33509733767384886,0.5178271600207403
-0.5864952120079165,-0.03886453302168169,0.7899197434098828,-0.5471241035471751
-0.6723011124316363,0.7822918785150808,-0.22678482326789484,-1.5978024227263454
-0.4549980362706685,0.13980170381220836,-0.5642303707151834,0.27695515804564924
0.9455427295303374,-0.8022989648688235,-1.0,-9.641938212989945
-0.07580946827440171,0.8588139194645092,-0.9844553441566026,-2.2684572551174678
0.14785810481711237,-0.3442251372423446,-1.0,-4.400476805455379
0.3539295702567684,1.0,-1.0,5.610999485645385
0.4297285683463916,0.26597079509343025,0.08748189668824202,0.7377278218469373
1.0,-1.0,0.9445265543733132,-8.101648627510484
-1.0,0.2689920554006191,0.02884121601730394,-4.503040431542886
0.4454608574254819,1.0,-0.4012490904874595,10.19587979809298
-0.6798972050943144,0.5890324449412088,-0.448416605909876,-2.874456430561761
0.48883121745657965,-0.9215712531761013,-1.0,-16.667031696881317
-1.0,-0.026300091806829462,-0.3618129916706001,-2.7235712981329296
-0.06424084855528833,0.1975760369970181,0.2869881693319105,0.16900865783168653
-1.0,1.0,-0.8341941766699164,15.083312836699195
0.9842024362492527,0.9646551667498857,0.03417238114522614,11.764581846081567
-1.0,0.5039706789311549,-0.3428896051937216,-0.5841066761283915
-1.0,-0.7224800562236886,0.34654116359441,3.2549009622517766
-0.5762464091037045,0.35286547692171877,-0.23540106307157793,-1.9038058137023421
0.5568401849015576,0.7302793548768927,0.003276181628399044,2.0608971767833526
0.5087185425677438,1.0,0.4390085684234777,6.293471996691404
-1.0,-0.11682955607535273,0.6299780437113967,-2.75217752872047
0.4160080841910916,-0.056628184815643356,0.4730513644684051,1.3548340472698266
-0.2413387824170392,0.8762198735954689,0.20895585667715455,1.5544147204043626
0.8135676292405978,0.9357146916103023,-0.046577446878061535,7.50107465881134
1.0,-0.4635237989902323,0.8700630335411896,6.149177869160635
-0.16380176673718028,0.2542153636685278,0.8926163531101996,0.5737269071312944
-0.37942784649158456,1.0,0.34037540278803347,7.2141138666140385
1.0,0.26707400390800995,1.0,17.947955290243122
0.40191277951844695,-0.30778190288619345,0.6616086550513898,0.7323174105826573
-0.31191495343990305,0.4627572061439005,-0.14400944514003156,-1.0336575101838148
1.0,0.5214206798914005,-0.8804064247639192,10.059967386602034
-0.5248095623147198,0.10479583422463845,-0.24586197067101945,-0.28710672613933813
0.5641320950210162,0.6007263665782809,-1.0,-2.34987441633479
0.6522876410418765,-0.47592111262867665,-0.4247773660317362,0.5654303333417903
-1.0,-0.6970092836071573,-0.9030676515983547,2.3706146628597007
-1.0,1.0,0.9843577319972527,15.729575526811871
0.4350116195736631,-0.4707911706469752,0.09433484581959206,1.246620096476621
-0.7062416457822971,-1.0,-0.8243416961847934,-2.644196410905757
-0.7742232968763385,0.8455549386616315,-0.16420077387920662,-0.9185233650976852
-0.9745488753413427,0.6380816150991835,0.5427460684796241,-3.606015124612016
0.7667566424815202,-0.4912912554712783,-0.7571741118367226,1.1439049004609876
-0.24871473575084924,-1.0,-1.0,-14.027333018203489
0.4353770173726472,-0.3541214485322832,0.38698595402765634,0.495785063755219
1.0,-0.6209963608253353,-0.6403799183047176,4.125669744717678
-0.7401457688612445,-0.29707616149507166,0.1439174724110024,-0.4954225707045331
-1.0,0.35395100682099745,-0.19726927473815326,-3.101845634125907
-1.0,-1.0,0.08542593128656728,7.855436400055665
1.0,0.07588886035521147,0.8281526949391984,10.24295942486294
-1.0,-0.6422305353178799,0.6220622854583053,5.010569421604401
0.10951434201978416,-0.551854040109079,1.0,-2.1997297126481974
0.5717111368446739,0.3425790990085038,-0.9884321622102077,-1.5233312231338483
-0.6118050207499066,0.6937771842213889,-0.2689849191038056,-1.9165186300083255
0.10840048982389772,0.7038287288659417,-0.18905834910315233,0.9890701729140017
-0.8890423290292693,-0.21264886358263468,-0.46548673681807307,-1.0865118849597493
0.23077951344699166,0.7288642684853825,0.023543430346832483,1.1328768593121599
-0.6201327809013741,-0.7355855267665812,0.4339283242862553,2.2500577436684672
0.1903634584607523,-0.03897972185189702,0.29856054528131026,0.8070933457624198
-0.7945424124715905,-0.34647943928981495,0.9864297568187961,3.467295277302864
1.0,0.9604063728793757,1.0,26.88226113124298
-0.9539740073616731,-0.3182989193579664,-0.14508389378192632,-2.0184429986545953
-0.5089273892198964,0.29328894732299715,-0.8507563395068043,-0.8794328835325333
0.9870177822358113,1.0,0.23939213720592267,13.506709777229116
-1.0,0.3854394498434237,0.7753060833557894,-2.9153187599554786
-1.0,-0.06269671404977228,-0.7905392883705069,2.213389728688193
-0.11485281579296469,-1.0,-0.8330795425943933,-7.794978820584042
1.0,0.4138221932273909,-1.0,10.891761766322304
-0.24092951671158835,0.338767042115949,-0.6512829377422993,0.07488157865330258
-0.6557830354608032,-0.17124431050664302,0.17435162190665543,-1.04882685718921
0.07208382246244938,-0.20894012726793298,-1.0,-3.7752437552211635
1.0,-0.601888189507604,-1.0,-0.58754797520232
-0.39303951468500586,-0.28346392320014524,0.8202041703161171,-0.10291394520562427
0.11066509734696317,1.0,-0.06521357807368511,8.188766051748898
-0.2956035691533472,-0.9195572543029151,0.11646493429528526,3.5799951391418094
-1.0,-0.44987147996060917,-0.38477922940751297,-1.8601305173464018
1.0,-0.832388672391696,-0.014617963832174397,0.2798872085262558
1.0,1.0,-0.6399493466226729,23.898417042834343
-1.0,-0.42275190973355214,0.0032977841864461066,-2.510939903597996
0.3296618001653613,0.29454793439683713,1.0,1.4417702662170082
-0.420624640765183,-0.46851648560039405,0.3402057493969115,0.4744959321496358
-0.460707496649047,0.27865904462226765,-0.7555678560700723,0.19121071033913728
0.23043598268540655,0.1694520887219555,0.9663828808228623,0.6396695948237076
0.49280930279314816,0.8284578278865355,-0.7172545873536875,3.415072736962247
-0.9497293704995473,-0.26384718827234965,0.8284677545773949,1.60016779286575
-0.1449615588851454,-0.050361752361767875,0.08774334381867877,0.5231966177413465
0.9921696009175398,-0.4793449093681239,-1.0,2.520286070391701
-0.49140135448529887,0.35587516530748675,-0.6561765429560515,-1.024725014811284
-0.2303440594416044,-0.5773991324155934,0.5748674207602442,0.6537552779411157
-0.02190185144972623,1.0,-0.5940439768551571,9.573612479306643
-0.8457176398220203,-0.20646595124657852,1.0,3.7444422149334886
-0.19609542298779314,-0.09677933106007996,-0.577259442718735,0.5398767470062609
0.05160792910456369,-0.2833957681817785,0.21594249824176748,0.9796360745837565
0.8395435346976197,-1.0,0.038586869367343235,-4.517032997149742
0.9655206606102291,-1.0,0.07763301042903237,-7.245084790061204
-1.0,0.24476910955766673,-0.22241766875511781,-4.327038493839989
0.8251080811830165,0.19360404112474483,-0.2093836081197058,2.391751270599491
0.2512119475992891,-0.19062820782418677,-0.23043259483129863,1.500124151547496
-0.09751195304565119,-0.10078154914059989,0.6834077849511395,-0.9115455463897527
1.0,-0.39696547449180186,-0.7688290073087778,6.465761839156745
-0.2125744946269541,0.16779872930479778,1.0,1.8590872991954082
0.5428891798094388,-0.3320761467947173,-0.0773853115960057,0.8985929873735975
-0.15910244085001812,-0.5536344164895068,0.6855710501606598,0.525190574793154
1.0,-0.06192401164619232,-0.22553733503467455,4.76769198257805
-0.5364411626330452,-1.0,0.28925223590926064,3.280485500618393
-0.2618696389398092,-0.998424985680977,0.9440096306599917,-4.661155486880321
-0.5175582224724029,-0.2597624972308994,1.0,1.013637874307977
-1.0,0.9230269633944495,-0.011751708853777965,4.976052245787386
-0.19015749483162825,0.7669411062351652,-0.37739343960173777,0.3357646371121549
1.0,-0.11349664209227961,0.7144178577084321,7.238418220914624
0.33890316547686505,0.8033073627077421,-1.0,-1.7728962807339195
0.18800467747976057,-0.41100081693699275,-1.0,-5.984692893768443
-0.46312490471332524,0.9370821654313581,-0.8322990420444056,0.4819301741112195
0.7447602824895041,0.2509739575978198,1.0,5.37941746841727
0.2326431147079948,0.6100675469413319,0.8887814071922706,2.740298292101162
1.0,-1.0,1.0,-9.383712373486416
-0.29787337814493764,-0.16164972439743464,-0.728040698665666,0.6921983569967449
-0.1055362671450415,-0.34309792592830846,0.650412110468346,-0.09140262602747029
1.0,-0.6518964274971217,0.19741280681869067,2.4814975894880655
0.07078383591059945,1.0,-0.017803840975212593,8.035208635824556
-1.0,0.8005818996019458,1.0,11.13808537770283
1.0,-0.3301236311928002,-0.4922922674013348,5.079509186330288
1.0,0.7157004872356765,0.8846739111250461,19.936837683583803
0.8763506513209125,1.0,-1.0,23.125163638326825
1.0,0.826906329167314,-0.10303476344802687,8.753449940554166
1.0,1.0,0.4861213832320732,13.606438682879855
-0.9304493639747935,0.9326652929040848,0.532671946241184,0.11187984830522718
-1.0,-0.49726775862037553,0.6971740708780516,2.2298363362034106
0.20473487100165855,-0.6462173107387639,0.30849386551030666,1.2057955752795189
-0.6207197316650666,-0.5997358536892632,-0.7452737677880474,0.24130415857389054
-0.64196161321188,-0.29026334217306804,-1.0,0.6378856915539898
1.0,-0.2445002407407355,-0.9098234644910403,6.205687819546783
0.8506528904564719,-0.6693120807466268,0.5409408050724553,1.5940606982761059
-0.5822322552533656,-1.0,0.7668996708643043,2.5813812989115683
0.18674075916550859,1.0,-1.0,5.310291214885358
0.0728317655164139,0.3004938979511742,-0.24926861669141198,0.6840095070031948
0.06389878868598275,0.5377527969141671,0.5765567712464676,0.8933674850948958
-1.0,0.3357964610139572,0.5970006309789235,-3.809821588200179
-1.0,-0.35093271154117023,-0.3473700350990372,-2.3136083592467025
1.0,0.22349317292579296,-0.3460556850005094,4.231665779533166
-0.02698548298026404,-0.32410870316896134,0.24648556791121923,1.265941503765355
0.494142655808375,-1.0,-0.7252210530797985,-6.897444222724614
-0.07079076896320968,-0.8022614626728939,0.900945371580427,-2.0870565169592936
-0.3175316562398609,1.0,-1.0,1.12456972908716
-0.07573276992347422,0.8422211843969127,-0.006877115533342915,2.56960498326393
0.9409014812354584,-1.0,-0.7574716103778416,-15.403845722288622
-0.6471877074468904,-0.4771878049181557,-1.0,-0.4968281095073117
0.3200508252060861,0.09580830432996779,-0.05068827604562154,0.9585038861403725
0.09665116711872135,0.8096167367997857,0.022100594379911742,2.6208490909799402
-0.43403522582161536,-0.2757907034825373,0.18675558272561954,0.13290342571686908
0.7886149153139099,1.0,-0.039993717552359476,9.871725406859627
-0.9096909918191538,-0.9048166030855289,0.921468414642181,12.050509348097789
-0.6772734743710846,0.9561340583041376,-0.6968881325264331,1.476253277367144
-1.0,1.0,1.0,17.762107317504665
1.0,-1.0,-0.4294680387299792,-10.125394851295283
0.20766906991401202,0.28001551467840935,-0.39994991903401145,0.798987341988705
0.5178962355548211,1.0,0.023972550438073892,7.634779849677726
-0.19159174097983978,-0.3500775010525008,0.22656596565474585,-0.11716065496548733
0.5994665777784483,1.0,0.27354350357783863,6.2085600110961945
-0.3927992870816903,-0.15783916530410314,-0.7808974204781833,0.508295165163288
-1.0,0.1342531327061558,1.0,3.168015335336498
1.0,-0.8377653407685679,0.43025656529769063,0.33742791730898875
-0.38260523768778265,-1.0,0.3039273472469759,2.628152364452177
0.9195629474208533,0.982962488943079,-0.6745933691126789,18.660945405493884
-0.4978252718843601,0.15947068168013812,-1.0,-1.2398225997094776
-0.41577933598772754,-1.0,0.13725620135004202,3.903011492411326
-1.0,0.2182567045244468,1.0,3.453734698827041
1.0,-1.0,-0.06714751264755048,-7.823424130175842
-1.0,0.9919477313887128,0.6038850116449983,1.2744073915210465
-1.0,-9.486419554005643e-05,0.7559623243144358,-1.5299496985862087
-1.0,0.6434459417406229,-0.9278420345174503,14.48462167555163
1.0,0.030546568365059867,0.16721608038819213,5.024533060241708
-0.5584423906567741,0.1905467931955631,1.0,1.768648936049222
-0.7868562999408057,0.06937809921508697,1.0,2.2412359382682383
-0.09332886416421249,-0.04453488989190335,1.0,0.5422306862072428
0.8433646311532581,0.18100301180759182,0.8912309876137088,6.192277924053632
-0.5666269966132889,0.2607387747419576,0.5816276613736651,-1.2070023060840032
0.22968722475272485,-0.09485847567041739,-0.8481430047498906,-0.3378201853726182
-0.6090483759889589,0.6971762720492989,-1.0,-1.8809418897276946
0.4191742068056492,0.4542083145630138,-0.6626291818947354,1.3491431506195712
-1.0,0.4213396333203765,-1.0,16.470140578327364
0.20565518125650772,1.0,0.16299229967794648,7.720535170403149
-0.04455468653167016,0.5689798672669912,1.0,3.121917939550368
0.23773792357758383,0.5018648792193248,1.0,3.7033611203799457
-0.48636232963248927,0.8434690025234146,-0.6655708669796971,-0.029454601350069193
0.5875866366982778,-0.8894095187753566,0.7313078433022893,-1.4057654315549932
-0.456966169302226,0.1459801949915709,1.0,2.601632482073064
-1.0,-0.20137725630323966,-1.0,8.525717674535304
-0.06952448074796713,-0.766455701325977,-0.3454729046287046,0.8036325833369796
0.3553493409282995,-0.5509176090551462,-0.03591029779575505,0.9261403639693635
-0.20832243975633835,-0.08987593240626857,0.5340964594108073,-0.043646751374315
-0.08701795551708602,1.0,-0.6556924567439677,9.524036139594235
1.0,-1.0,0.24834015498774842,-7.1612593793424635
-1.0,0.6455509618591388,-1.0,19.376509860833472
0.8614682123898627,0.0362958238546327,0.5014056266269242,5.0756213937129235
0.03169499598221348,-0.2658740838022877,0.3078785163873743,0.7354448595432642
-1.0,-0.587263393272609,-0.6167926319826498,0.37375133465228694
0.1615574595729905,0.8182229672217061,0.20169885434800805,2.5211991612634668
-0.37169514509008583,-1.0,-1.0,-14.456404164565422
-1.0,-0.36394906531821203,0.5165356261431828,-0.5274015913577867
0.6226502197200918,-1.0,-0.6681261667379059,-6.6472313448218125
-1.0,-0.27918095532062126,1.0,5.945598291361279
-1.0,-0.7873569025216731,1.0,16.4519110897425
0.7771447287266564,1.0,-1.0,15.626439940508757
0.1436322768342102,-0.29498499222750807,-0.15442337545935247,2.0884663225680846
-0.4000533171018248,-0.23153436642366776,-1.0,-1.6904400110118631
1.0,1.0,-1.0,39.13833626393584
1.0,-0.6499347532314959,1.0,3.2778701120782303
0.14545321682416312,-0.23459307364329463,-1.0,-3.943854350261343
-1.0,0.7446122281101208,-0.04538409450550929,0.16974542289854086
0.2155712070872211,-1.0,1.0,-7.037494896262083
-1.0,-0.9274136654416734,0.08131332519886314,7.043215060012461
-0.21508984955621502,-1.0,0.3542284779672997,2.7366308608923102
0.0702333171422691,0.8552498492072385,-1.0,-2.850466243974226
-1.0,1.0,-1.0,21.107463395842828
-0.3023020209339051,1.0,0.4409380636495681,6.544113983246674
0.3912412059606809,-1.0,0.8840235803333241,-4.090666225337928
-0.3153957771180218,-0.4164397070565087,0.03718511615259201,0.5745527707719378
-1.0,-0.3258626264870623,0.2663393319541556,-2.7912003155477367
-0.47050185743826023,0.6923058775571762,-0.4285402392970379,-1.5218222721342025
-1.0,-1.0,-0.5813384608688201,4.717607361097786
1.0,-1.0,0.6133283437606056,-5.698607732643308
0.1719742133898785,-0.22625382910416625,-1.0,-3.8236238626511834
1.0,0.831406978657953,1.0,26.43698194027776
0.36114459615541916,-0.9348977306974959,1.0,-5.77406031754963
-0.7329346446024487,-1.0,0.2945262536930928,6.149405167288334
-0.10469638311079188,1.0,-0.03902250245291561,7.474505135566016
-0.44708414582164435,-0.34424749819743794,1.0,1.6224031016697698
-1.0,0.11876215983310834,-0.21577635769389758,-4.124418800825057
1.0,0.9680841568263401,1.0,27.43405555961004
0.7286749023750017,0.3057942171201866,-0.6960531306416002,0.7319173681780402
0.5393513677891482,-1.0,-1.0,-22.426741647857444
-1.0,0.29646632660033867,1.0,2.910283946322993
-0.047466750317067374,1.0,-0.6320803645590511,8.941421857487274
0.34335818048611566,-0.2468706326659622,-0.33838626795083604,1.4110637674942414
-0.7812112996229026,0.4004603030334586,0.847021268721524,-0.9359508747794237
0.058418939774203205,-0.10475868897997964,-0.4777213451604303,1.9699946048357717
-0.5277814854852547,0.6840812230418862,-0.5283613397821503,-1.6551331942292824
0.5030382370231461,1.0,0.8447949684579672,8.766790009853088
-0.47708347834905007,-1.0,-0.8595247779111821,-6.545973455980351
-0.06811305378435373,-1.0,1.0,-6.227302427736477
1.0,0.45980902950599356,-0.09514260952584275,6.345051659069478
1.0,1.0,0.7142776364028733,16.588196918716203
0.4687278263579284,-0.3475051002350582,0.33948438191672503,0.8553268379261088
0.47182828394238263,0.1243778011205503,0.5468019391120158,1.3822795521311964
-0.2041206593189122,1.0,0.4734456878892914,7.129923766150947
-0.5681893218628065,-0.5543631842863102,1.0,2.1055291276894166
-1.0,-0.5802695543312177,-0.30105907330271475,0.008029230025840717
0.45718063974880163,0.6110695081654902,-0.9554331602926651,-1.6087609446768276
-0.6212669034746956,-0.5042725590458459,1.0,1.8533676384460425
-0.21094459249588704,0.5093908363442714,0.6014563639255859,-0.06551255779817217
1.0,0.6668185834499896,0.26109360273086146,9.39204364521819
-0.01113836581022598,0.18610970651686443,0.3264503910103136,-0.3656874128485418
0.017804318901653016,-0.8725592395407811,-0.557469645508792,0.8137647666842953
1.0,-0.25984707490206227,0.2541868152557816,4.583789584529196
-1.0,1.0,0.3872435110390675,2.490410869796545
1.0,1.0,0.7672648310356205,17.825978849423176
1.0,-0.7565102160277966,0.5532888972377625,1.9571291263250699
0.1537343937469382,-0.34957617786299,0.37357868949958184,0.6321933221213141
0.3674965728463411,0.9705256416745569,-0.5366533640639151,8.736881272881089
1.0,1.0,0.39469406057910117,14.207087704037896
-0.3526742651035979,0.1752325862274109,0.33124516931617753,-1.0120906189280274
0.48150583851429074,0.9323888071818809,-1.0,2.697188791174055
-0.20206595446171738,0.18864302704477742,-0.36674341724966864,-0.13607356453103803
0.27744131548421214,-1.0,0.18358415555403362,1.1232562712656862
-0.6621295992376095,-0.6288037592358489,1.0,2.457526260697784
-0.5924260244736657,0.7762651885927783,0.46651568806528565,-0.7936490145747903
0.5025275562258633,-1.0,-0.023301982216558548,0.14980735309505613
0.42315689254260014,-0.4585982128474855,-0.30632631348129236,1.0096002430654036
-1.0,0.20330242419020017,-0.6120692761722906,-0.058130424121486585
0.34920781378400223,1.0,0.0032446332342235262,8.325208046772808
-0.21929429211578544,0.03223346893665591,-0.3838175327305111,0.742858663740755
0.8940801673504308,-0.07341072733910958,0.6291716382721009,5.087299036662947
-0.40738270733727155,0.9961830099315356,-0.688032192252976,5.337164428714136
-0.054036745930840846,0.06488068101303446,-0.44313873580014107,0.46662254216429677
-0.5937905517072788,0.3719200924185544,0.49221218561196833,-1.138434137912233
0.44636662728875387,-0.9990647908138792,-1.0,-21.28663888890553
-0.8161027881549401,0.5688549243369134,-0.30587378033218937,-1.7986723536114007
-0.7424611913719332,0.18772916010546137,-1.0,3.6483853569240656
-0.278761314223845,-0.13350413950454243,1.0,-0.025721673024070024
0.4357847944639497,0.18909323835902758,0.5527617749209532,0.8434090378180114
0.423971848784199,-0.5960612311643385,-1.0,-7.127921645724781
-0.6631693586104062,0.24718064500994497,0.5146122638724613,-2.3086064289115122
0.9642877002678096,-0.4015242714735878,-0.3748926541009059,3.133965773546518
1.0,-0.8512963684029795,0.8502853611138808,0.14814921248931845
-0.18600861453540074,1.0,0.25742406229332215,6.857140518266698
1.0,-0.18830508198370333,-1.0,5.615811234414172
-0.8195449445818892,0.18074017352866956,-0.5597360570727299,-0.7671254157441959
1.0,0.3553453290645394,-0.7696924761804249,7.556427940237304
1.0,-0.31984775311754565,0.3475486369169245,4.745407096664051
-0.2891580876725637,-0.79387148608192,-1.0,-8.294767861473854
-0.3996416575698756,1.0,0.5355910359070348,6.603373422815033
0.654349437060793,-0.3723025161739353,-0.1738023106348756,0.3664067268154799
-1.0,-0.6376769463793845,0.33577842517195244,0.573240023812001
-0.17825443668952135,0.06307525349404419,-0.29155407710282466,-0.07509547972770508
-0.2171816021869073,0.3028584093762692,0.2195055009133542,-1.0276366264631904
1.0,0.3128621497013162,0.4941767030825006,8.127762773494677
-1.0,0.6150071368723282,-0.07134515096701022,-1.8437669193483133
-0.5859385200377325,0.801263085490256,1.0,9.370311174716798
1.0,-1.0,0.006807864932344199,-8.706353827323193
0.8380273841433015,-0.00641237528496208,0.7496127845264082,4.550281765405146
0.3043771077114137,0.33883362440197407,-0.8573319224392986,-0.44994729324371635
-1.0,0.4980665152903463,0.37149553338942787,-4.095182671188023
0.44561839229888767,0.07653321394848756,-0.6640279867598282,0.49076330664490964
-1.0,-0.13368535650397928,0.9694727799762337,3.5374437706030943
0.21080549621217481,-0.6120146615727904,-0.1261122095642888,1.6997538198032833
0.5351145287358936,-0.9522223604714826,-0.285449318928533,0.4329213826806785
0.6500526645440676,1.0,0.48346531555691863,7.352609837583308
0.36960661147687923,-0.7854011656760922,0.5069189429748073,0.4109500019729467
1.0,0.3062487785610113,1.0,17.705702899009438
-0.41597379053000405,-0.6547297233200688,-0.7361544994911193,-0.48293171340644886
-0.4570705389276035,0.11067332649810724,1.0,1.1444527578941162
-0.678884444174296,0.33611681613926914,0.40530557550036117,-1.1911772686518136
0.4929067197704604,0.3228367534244101,-0.06421283393733712,1.245643331177115
-0.5677185068583201,-0.1721982909150841,-0.5159695400918856,0.7145942721118163
-0.2593016049275565,-1.0,-0.3261129916703225,2.4548938025534994
1.0,-1.0,0.18724353194209264,-7.784402118959308
-0.809436390977007,-1.0,1.0,6.840143459052021
0.9757025191588979,-0.6797567778453812,1.0,1.4866024099094015
0.46560590213981357,0.5575082885557114,0.22461388746115984,1.7072859350715657
1.0,-0.6967148109320207,0.4510135474751993,2.9219837834390825
-1.0,-0.12278806510619655,-0.6839664683127153,-0.5731128768583722
-0.07225355170628367,-0.18583538677527733,-0.25141025297234765,0.4679686104471701
1.0,-0.8822221948366764,0.36803975325617255,-1.2359658862481064
-0.4479018393782759,-1.0,0.21392928785250742,2.8113724422705597
0.1695869228783078,1.0,0.27475830624852104,6.99715828276855
0.3490442652834371,0.8871132115168534,-0.6597861914383516,4.632949879530299
0.18768777180912366,-0.6291091249419212,0.5680054147240898,0.8667710359069034
1.0,-0.11062781947608658,0.34321968809866865,5.30850271476173
0.0777425587874856,-0.5133267965262276,-0.9399465234944999,-3.7585432835533115
-1.0,-1.0,-0.6659482483595196,3.5578293183084595
0.7527783137031996,0.011420294097507,-0.3671869437570614,1.4197659145484913
0.6668409995147164,-0.1392718749807904,-0.14019941418380322,1.6867487299473194
1.0,0.23489612904514234,0.7799212699905826,10.925728713902288
-0.19878614980013665,0.08686590223072921,-0.14104911216538052,0.4239951850008665
0.9347431427978599,0.07119418734869809,0.2263291131673908,4.818116525719502
-1.0,-0.18639797698219662,1.0,3.8880543715339084
0.7672000140786275,-1.0,0.28644373563389647,-3.0289936251683187
-0.6576150518645172,1.0,-1.0,0.22854879237738168
1.0,-0.21020756557496845,0.8865422166722432,7.920800178660951
-1.0,-0.14920776095942712,-0.2302261655635358,-3.711373778676656
-0.3506272769952248,0.050507397007142574,0.1364803804022865,-0.11436376666873799
-1.0,-0.258570322123004,1.0,4.845747858267568
0.8234569988123799,1.0,0.17980218397232628,9.181957487811616
0.957055774745446,0.4845483410883231,-0.9660293535983173,8.95190373541756
0.023744193925251622,0.24603194327633293,-1.0,-2.887929685725533
1.0,-0.3455809188158532,-0.20522397213618104,4.34809180492541
0.16719063999968475,0.4335087067909318,-0.01377930608860134,0.5035763629408136
-0.04791415706755564,0.8072802329681947,-0.09580967105811133,1.9384327805445447
0.7487070002915952,-0.6285833023511458,0.3569334537217361,1.4441724994004688
-0.7993392867041651,0.2098860462387495,0.08949787689616073,-3.0519944503638143
0.5899604023579854,-0.42287556609301635,-1.0,-5.488873971606068
-1.0,-0.37837942769580146,0.014139282531760111,-3.25557591811774
1.0,-0.7040548904652513,-0.5327555688530936,3.4480953737011855
-1.0,0.7056156585686233,-0.3919316849423349,1.9773926242854836
0.556648254086437,0.5345599287029497,-0.040181792756724954,1.6899143461760349
1.0,0.7158812155679508,0.5938869420775503,12.197115771064652
-0.3893569045972416,0.9707099394066392,-0.363102152022978,5.1631042282767385
-0.7653365840502391,1.0,0.04961216088337128,4.244192586444006
-0.46200636564457054,0.6604355366217824,0.00730685215958915,-1.022456419065485
-0.3869223599174709,-0.3906330253939909,0.8975235164596826,-0.30555885129138405
1.0,-1.0,-1.0,-29.998949880309578
0.3738639587426378,-0.45264013468235986,1.0,-2.584986737219392
0.3424031002319028,-0.1954026355105145,-0.7075628849745119,1.0761572119028593
-1.0,-0.18541295936445157,-0.292686596518539,-3.081816204730416
-0.9837729233037156,-0.6376531839834207,0.09206881653693677,1.0342120492771498
-0.32001567418561594,-1.0,-0.1598087704958897,4.216002816687112
0.3114944126728185,-1.0,0.3437293010118192,1.4276197718939492
0.4412249254270457,0.02152801131034443,-0.7416954354505927,0.7440600053681918
-0.32899283371656995,0.6442412234801782,-0.3553124905871565,-1.1380009961097388
-0.39927931489606006,-1.0,0.479822257382563,2.5149029755606453
-0.7800994841714706,-1.0,-0.6348383663388157,1.5461341444065142
0.01197344158383884,0.43019325377129936,-1.0,-2.9804277601834346
-0.6756240531144813,-1.0,-1.0,-7.768800147783132
-0.26271822404506584,-1.0,0.19382076430698003,2.7955125352549066
-0.13308500703233195,0.23822137795192222,1.0,1.395484540270402
-0.023983668826278892,1.0,0.8254220994679515,9.607080843649825
0.962002758731578,1.0,-1.0,32.455969288210554
-0.10548667878024998,0.29790348807177436,0.2396136265761477,0.7171446871474756
-0.318988821969898,-1.0,0.880669638548935,-2.9798283895778104
0.7531716430813302,-0.3873647388852932,-1.0,-3.554168378025924
0.07495476113452915,-0.43518706021774634,-1.0,-5.074268537743499
-1.0,0.213498682238364,0.6857607069603817,-3.8668520384357024
-0.12029457948929112,-1.0,-0.22191098464474335,2.800466164848875
-0.13555290652307028,-0.20496005723457622,0.6155885493855509,0.3798635511222487
-0.291796112966604,0.3564535889133076,-0.1729224707884791,0.8241934418211616
0.9646364324678034,0.4913702379461313,0.1772402282560699,5.871895357700552
0.8699287412561323,-1.0,0.7427539391246638,-3.7520370212616827
0.4077439186762153,-0.4559848481690405,0.7182102123662384,-0.1038016260379171
-0.23614029508019674,-1.0,-0.7034294547594699,-4.033327022045543
-0.47101997398329054,0.3436233111126965,-1.0,-2.323230201662678
-0.7977858271945375,0.14229015508110465,0.7080413942889698,-1.7519788986680174
0.748270551361073,-0.6874636562487855,-0.8773573722216941,-2.9463541297824447
-1.0,1.0,0.5029160005425226,1.5754789348159914
0.1508088813542603,-0.5312277782860972,-1.0,-5.807837509365799
1.0,0.2028662743633145,0.4459418476021608,6.915828971461993
-0.5208613322134141,1.0,-0.1015918429801117,5.456612211229895
-0.3379445290119958,1.0,-1.0,1.3484552892079384
-1.0,1.0,-0.38407409668843795,10.984734386208991
-0.6757599010623174,-0.08036464333313242,-1.0,1.3272439922777324
-0.22646036095339284,-1.0,-0.9511995561350259,-12.647046586758709
0.18464181986985473,0.8373209344238912,-0.30089643152907386,3.416990468174371
-0.985648530905022,0.04396947124726491,0.8238647400288639,-1.3468053630507208
0.6105461667642007,-1.0,0.5949376275284595,-1.4114133385703567
1.0,-0.2937665345832041,-0.31200487583635717,4.488504175379102
-0.17040777155350084,1.0,1.0,13.876239294666842
0.29642052411703523,1.0,-0.983752005063802,6.431438715088349
0.6610286127365148,-0.02318176856117171,1.0,1.0730082162145353
-0.905887891313643,0.5354286156904711,1.0,4.76874409050189
0.6274889550409122,-0.6205357589927973,-1.0,-7.61598318791296
0.5105293049930473,0.35547619000798014,-0.027205820351501986,1.511193798269384
1.0,1.0,-0.8575877278711486,31.944198515786873
0.07186324946353562,-0.6353760921099947,0.1651062102322869,0.791066416377342
-1.0,-0.5397634650630394,1.0,9.363172887142671
0.09631601779311749,1.0,1.0,11.674765712271874
-0.7877228702354955,0.39550240276019566,0.16732693691641365,-2.8098164842798723
0.8888440666667106,-1.0,1.0,-7.432580341491047
0.1913737083180056,0.056521687401984044,0.13255079742839926,0.7189899207958554
0.630160453035969,1.0,1.0,10.700640238173536
-0.7425779785288702,0.5470617016577002,-0.22130704508313426,-2.920044620304865
0.3117480041368763,0.10629719496174594,-0.22533976500909159,1.035712666120766
-1.0,-0.2510211054398519,0.10598082638254636,-3.343444122950563
0.24376487206761044,0.28163521078433207,-1.0,-2.9471430934211496
-1.0,1.0,-0.30853792145374603,11.493996798462845
0.42464724254963704,1.0,-0.6572693539433907,11.232671055510572
-1.0,-0.23584499550272842,-0.1272155001510824,-3.3765620683285857
0.07637087116462027,1.0,0.25374641641469964,7.391074645773272
-0.4638751011045248,0.5879179630071742,0.19868730594630435,-1.517774102375538
0.258237960653094,-1.0,-0.870919554166687,-11.586403271444055
-0.388161164142671,-0.06547203538902346,-0.43132723562127273,0.29357251441245497
1.0,-1.0,1.0,-8.935435101310027
-1.0,-0.2354027590342982,-0.0012689166279680197,-3.7016216025942534
-0.5834325991228635,0.301383927918514,-0.1832478400794919,-0.9286105629779793
0.6194293070236818,-0.27720401830980146,-0.27028773016374275,1.1457994460338887
1.0,1.0,-0.7049676360924952,26.866923398326517
0.5072906243523858,0.32844945760363786,-0.3763472844303697,1.5509447819911584
-0.03359112213147153,-0.3955233819015256,0.4813480268521855,1.1479575189382387
1.0,-1.0,1.0,-9.137482652487297
0.6895464475952437,0.33402033527027153,1.0,4.302492084145515
-1.0,0.13944433950466517,0.01913266905908051,-4.54543826471735
0.2657942639364963,-0.0786285440639023,0.5819443087527376,1.354747578489278
0.09909005557963257,0.5442204751403892,-0.2786507331475332,1.3658447429560763
0.24033461390321653,-0.4066475590082428,-0.8199632793514957,-0.7001561225225549
0.058602787821153024,-0.08209169914767189,-0.057981583339163256,0.37401619818931886
0.26155118959448176,0.8013439791351622,-0.1316105458560548,2.6430111976886104
0.8976862902868297,-0.9613179517620578,-1.0,-23.25709095710745
1.0,0.7340300051161048,-0.3944367224798033,6.90684070286117
-0.4275866726929194,0.1053692051801296,1.0,1.9787818987720773
-0.08362783506371163,-0.4707939330007824,0.3148704319270397,0.7443256505024596
-0.8507668226250029,-0.0885527488389739,-1.0,5.4391099298626235
1.0,0.3285501023200246,0.7406349239945627,10.652755481952651
-0.543653174049447,1.0,0.23768884262264112,5.071387724738719
-0.3924906414897451,-0.12848925693238056,0.47175108239407804,0.6157711536654856
-1.0,0.11576758768536632,0.7502587044517695,-2.7049554029487526
1.0,-0.681845909140314,1.0,1.816952136291716
-0.1109798293442299,0.7497550502382899,0.7848048851930121,3.4598280609272183
0.6255036816235082,-0.1315984713868701,0.8648528749558357,0.21405189640962685
-0.42925013174280746,-0.17472225273508513,-0.8043809029949864,0.5953416891671524
0.8695365990953783,0.023413387830383936,1.0,6.344963961421717
-0.4072769076278533,0.055572430613081814,-0.8807536590179181,-0.13352787985828046
-1.0,0.21458314164713044,-1.0,14.01159207870047
0.8262195163450239,0.8225343650175709,0.6116449076964419,6.786895599948131
1.0,0.6109397774805434,0.15605825988584554,7.574423241448207
-0.09740691778507093,0.35175068506821217,0.01699483552596015,-0.4000453418829847
0.10984838841501121,-0.36866015913527184,1.0,-1.5106721404940353
0.9663437844958933,0.9946102794760336,-0.9777593870801133,32.1391844980232
-0.17840435826851064,1.0,-1.0,2.035316785553724
0.8751060154201844,-0.6728536211843952,0.23640037798932667,1.1946566682808737
0.32544188740571434,-1.0,-0.014617479781142695,0.5674384598996579
0.3631765370572442,0.5222216804945214,-0.006914195108805421,0.7810281188608761
0.9068185533020903,-1.0,0.008348268321252572,-5.22809846473412
0.023714747991532947,-0.19405704737354834,1.0,-0.16066750947634356
-0.2999060465340604,-0.9420449430312705,-0.36156146090446595,2.2446151099218743
-0.026836971026420242,-0.8036326522725716,-0.7601793636372156,-2.1029450613131697
1.0,-0.0541247929219868,-0.7623734176148058,7.023230633162624
-0.3047170781569475,0.657234349454648,-1.0,-4.254282963353936
0.24410907895683787,0.45171621031011777,0.05319052077717412,0.5414556892966865
0.6713141170834731,0.924636973975502,-0.14113284421247174,5.888203320297889
-1.0,1.0,0.868340224480743,5.579534502969415
0.48376896223715193,-0.6985553973005989,1.0,-4.1755456473937125
0.5961001734660976,0.14000241715360384,0.41141412005942657,2.595582575190507
-0.02355906166676669,-1.0,1.0,-6.932765815949942
-0.42269766544446874,-0.9777098246196902,-0.5549593592898268,0.5472727071948802
1.0,0.2481084722514615,0.8373248831890565,11.417480483881961
1.0,0.05095411671266192,1.0,13.961204850829137
0.5213031821499501,-0.5646515361001196,-0.604754641210943,0.6440745664742396
-0.8063331603037829,-1.0,-0.8831819273877559,-1.7536509279958024
-1.0,-0.3757953181642102,0.03461945209294459,-2.048619933361914
1.0,-0.4667697517762115,-1.0,2.151060698837957
0.7305276594722463,-0.6243668012169872,0.0331539828214642,1.1236614493555532
-0.5021327525433574,-1.0,-0.005412143043719508,4.165214990545378
1.0,0.3314744555590121,0.9233045118201892,15.730646491833165
-1.0,0.5164177664071714,-1.0,18.299491069006688
-0.7345472985734813,0.9776724996144819,1.0,14.920409434719819
0.0744989390705777,-0.44048659537694124,0.43551943150091765,1.1634328098456894
-0.16601171470546205,-0.381986492133922,0.009811019244199803,0.9659466426266193
0.012457745531215592,-1.0,-0.5251076978206803,-0.2766561675857868
1.0,-1.0,-0.6482153359831666,-13.202549974909006
-0.58237327965903,1.0,-0.5646725687227201,5.256405619577874
-0.4098445626955718,-0.7842427217609511,0.5939444227576542,0.35730659219830774
-0.22640109754761606,0.9545844106203314,-0.054662886739747174,5.149128434372839
-0.6385198829666394,0.6116815011414787,0.7538622304606646,-0.19984395988611142
-0.08405578484547993,-0.4831023373220451,1.0,-0.7643269399311827
0.043185097187013355,0.6948462717515633,0.7111999872994468,2.2831041590770194
1.0,-0.8340519546265681,-0.5828034848158026,-0.1201673834128117
-0.4573661669776463,-1.0,-1.0,-12.81504449569956
-0.2205808629188848,-1.0,0.10828947503272968,2.2357984997642384
-0.5253949752080718,0.38611675966255987,1.0,3.4782592127585863
0.25628287795312277,-0.911574196980816,0.2212061705576016,1.2828809942180954
0.11319404034062353,1.0,-0.6582923837191674,11.438124027632389
-0.2078657395426231,-1.0,-0.005411540871814502,3.305980303656015
-0.023294428244119203,-0.7287357600965207,0.01723243847310596,1.5115850554396955
-0.04934174661525148,-1.0,1.0,-6.404941619858002
1.0,0.1864541497314196,-1.0,9.31489973594838
-1.0,0.8453653999547743,0.08147784621117005,1.9948824129319558
-0.9844842107091645,-0.5832424419587481,1.0,9.830362068223783
-1.0,1.0,-0.8324346933566784,15.544055240237906
-1.0,0.39575003465849234,-0.5434415154966707,-0.05370271479086697
-0.9947452410987705,1.0,1.0,17.46737483795082
0.8826266678557029,-1.0,0.15661032602036973,-4.525581089419601
0.33776918443564985,-1.0,-1.0,-20.406547699159454
0.20712699176640892,-1.0,-1.0,-19.353113472553233
0.2979945241932609,0.36623753702596673,0.510916974882617,1.0964230146971579
1.0,0.5689766051063969,-0.4152484593337633,4.694793898770411
0.26481786691960774,-0.10030276131783689,1.0,-0.5329359222898589
0.20367030751218085,1.0,0.6886620324269837,9.5497882673131
1.0,0.6115659483662881,-1.0,14.014340266898559
0.33585552826505904,0.09218060807965478,1.0,0.5699137083221173
0.027609100282622423,0.73469718458402,-1.0,-3.5098196063804825
-0.7913951501197471,-0.0862130664765306,0.1393952706176793,-1.6221325234749515
0.6767340075809998,1.0,-0.9351300496688468,13.023682858398107
0.21117449638616104,-0.9291706220188733,1.0,-5.736384401569882
1.0,0.8104702512168465,-0.03423457982034295,8.748937064030322
1.0,0.474363418505938,-0.1259031921985252,5.875876133916438
0.06291040162035166,-0.840707515478128,1.0,-3.8801040044440436
1.0,0.8825207334677758,0.10282849575265285,10.388866459911737
-1.0,-0.9300632116695073,-0.10949803580168438,5.995992983237746
-0.9835448960718387,-0.11965562770283578,-0.27760840020619604,-2.7453313371698056
0.2484358322342537,1.0,1.0,10.317724153770474
0.5261807359394486,1.0,-1.0,6.528052145048412
0.5246675455255994,-0.8384022433118268,1.0,-3.662600107822655
-0.8314580102780051,0.9794827550513885,-0.255597356355862,4.575732514602088
0.007716351303425739,0.1293661016445382,1.0,1.1509198123401545
-0.9432107254331155,0.059682973696532304,0.025576147176711306,-3.482889659229527
-0.4255882654312222,1.0,0.1911071088606593,6.24558596800891
-0.732423162407936,-0.4662639880802135,1.0,2.9670656553173247
0.4772226720321149,-0.6536125912207564,0.3626082876818766,1.5719836946984225
0.4575162785459945,0.435147929322921,0.25051602786709437,1.3778097413760202
1.0,-1.0,0.8175695677492514,-6.296059413912577
-0.6122311247464787,-0.2545469786856367,0.34946722707324906,0.352803839154779
-0.8049005136958296,-0.7473682393894456,0.4993788198497797,3.6892267181646594
-0.10820293727955632,-0.684895461900997,-0.461539921088842,1.4024259841763007
-0.4083531162469405,0.1970123176846048,-0.5691614631296205,0.1829080929017805
0.3690143269796813,-0.19464904609124178,-1.0,-4.325960187870912
0.8228994740410573,-0.26027811831272185,0.3527281592076943,3.5284803450930737
-1.0,0.5738208716148414,-0.2846660439268587,0.481063991942552
-0.17413604627268975,0.9182147434159595,-0.7381756880700767,3.08139005049518
-0.9218997782238099,-0.4189243020372224,-1.0,5.644090862968074
-0.984439014289407,-1.0,-0.041227295837407585,7.55728188479923
0.006103618769303543,0.552736913382188,0.9794187382671766,3.2050805945072254
0.01523458878262085,-0.013932026388990826,0.33986214690280625,0.19932617235482647
0.31789279381967916,0.672458052456854,-1.0,-3.4246058259449423
0.4415078741031979,-1.0,1.0,-6.8599093810806195
0.23053536305292766,0.8511607455956147,1.0,7.759992334407862
0.4566222483365092,-0.11324433465349326,-1.0,-2.912951029228393
-0.5500631229520889,-1.0,0.2968189038537532,3.6603940208529346
-0.797539390749707,-0.6627154289632207,-1.0,0.9905700836843315
0.8675730681916067,0.13436667802263358,-1.0,2.3456735030818296
1.0,1.0,-0.3257710813803778,17.064038982119666
1.0,-0.5268986284141493,1.0,4.5652288308694144
-0.6529077255000593,-0.5006445599973126,-0.4216339697514846,0.8419356528350785
-0.6628788888597921,-0.7711611631090607,-1.0,-2.534873272099787
-0.17027910606092367,-0.1885647743617187,-0.4511110990639111,1.7341575034109786
-0.9608393884770849,0.7868672393262388,-1.0,15.77445213682702
-0.68149678382239,0.8755261745558158,-1.0,-2.159539692162848
-0.3918365185871442,-1.0,0.6478725997491668,2.056078914294052
-0.23098943799669103,-0.4829786251701116,-0.4568016760915772,1.2545262479471249
-1.0,0.4761623373682904,0.11085524882434972,-3.145356314817369
-0.367712076245007,-0.004567087630714228,-1.0,-2.118447924110391
-0.3667608835535159,0.6841352203849809,-1.0,-4.044783301076766
-0.5864989093003024,0.45998599073026125,0.5244027215605394,-2.1084333675870917
0.6944626051939757,-0.11689516659508903,-1.0,-2.5862664735649425
0.28403067866591325,0.9753741902824593,-1.0,4.089100029746972
-0.35813855089519087,0.09065874056982803,0.9218678661849471,0.3880941718687838
-0.5767108133121377,-1.0,-0.48135644009049905,2.295473188271399
0.46382047678190075,-0.20701520586359412,0.48155792421536114,1.06752143066325
1.0,0.8353263478952828,0.8938086453121672,21.216677483164172
-0.013087765018236608,0.7383606907108258,0.2723356861359143,1.0239820525734948
-1.0,-1.0,-0.07695211863205609,7.851385251362312
-0.11618742099361312,1.0,0.7455505662472257,10.597053559803452
1.0,0.3158400176545473,-1.0,11.398927297163887
-1.0,-0.4559906532192084,0.6191792872492354,1.918810821887936
0.49562517435721865,0.6902604820773444,-0.7320961670544448,0.9860945525144804
1.0,0.5863277655743122,0.83877514546151,16.247620812280253
-0.8154786905721754,-1.0,-0.879718977738468,-1.1712920728812133
-0.2108953841414105,-0.005885961239116888,-0.9732749711005291,-1.6717277725428061
-0.42667473989081595,0.36440581974539765,-0.5726258411437875,-0.19246044746804536
-0.7125818860929907,-1.0,0.9459805502104008,3.3641669162744763
-0.21863506982266112,0.7337377217170256,0.8064758874148696,1.998946424090384
-1.0,-0.6834236129486768,-0.01512125430584077,1.3694577059743558
-0.8848447856379738,0.1132193247159925,1.0,3.14845363337756
-1.0,0.6322656019975845,1.0,7.286119264772676
1.0,0.6250007243842637,-0.09738605591668636,6.565819557649156
0.4287168037259643,0.3022919464602476,-0.10928900975367184,1.9340022338793013
0.9126584643627744,1.0,0.8025832516334248,14.33630128221896
-0.00646200856133583,0.33590559435941425,-0.7350553583093584,0.48976248857160065
-1.0,0.3985778371985933,-0.12811259085222382,-2.6923997831362856
-0.333982438808766,-0.33556938782895496,-0.9356222158819556,-2.1440957526619204
0.2859558674258955,-0.9533576640170469,0.6844189384973882,-0.49779974085505413
0.12291473154665189,-1.0,-0.11469165691262018,1.885101286813523
-0.9549610372642028,0.17751402880203782,-0.24997850274045486,-3.506266883006089
0.1555142774262379,0.6099977094160038,-0.5680272341792889,0.9795556096595941
0.22517464803967435,0.5767396994142477,-0.26197584194106605,0.7326843316906733
-0.3902488492892784,-0.32879107973214117,0.44371076380414154,0.6815835962169385
1.0,1.0,0.6709727488911239,16.19459606157259
-0.9077877115272865,-1.0,0.296723037199214,8.47394000466811
-0.44737344902753007,1.0,0.5682197568578724,6.770640067814381
0.3656573473206215,0.5650987056280503,0.5153718205374345,0.44920499938462166
-0.48103856519964006,0.5204650407337377,0.7005699016531408,0.06101761546971787
0.33823579187276853,-0.5175945223239258,1.0,-2.173009119586725
0.24606935310803202,0.6111697630038011,-0.31638483682728813,0.0968147116739787
-0.058227384688096295,-0.6077881632571807,0.2667360049217016,0.6873836388537309
0.8930239523218484,-0.5550862665760978,0.27688878385768345,2.074023049060509
0.9266777582272288,1.0,-0.7707419153658219,23.02496239320202
0.6395732842287001,-0.2709166210254923,1.0,-1.2984097804956671
0.4602464117354028,-0.23905492708446885,-1.0,-5.248649655538859
1.0,0.20469830365582808,0.34444693187066067,7.005573349510146
0.2748674147356547,0.026707363151395658,0.9885602903033361,-0.4972931147038526
-0.6448310344079802,-0.4269143329074543,0.3579081047768542,0.6741330935003729
1.0,0.4676256973260957,-0.3308809412593048,4.87827618498335
1.0,-0.3506032390999916,-1.0,3.7912661827664835
0.6119990560553963,0.07916990546510738,-0.08915217288929655,1.5063640987138034
1.0,-1.0,0.5596402926449286,-6.089799725611427
-0.25599150852662667,-0.4066339270848156,0.21081652876689705,0.5349540402619605
-0.9708336707879657,0.7312177876603694,-1.0,16.04113678541944
-0.35656736702941116,-0.8277900290077305,1.0,-1.0094972839246426
1.0,0.15165696424810093,-1.0,8.964821404749433
0.40121948470632063,0.87316261424605,0.1848232497335962,3.9244916015933997
0.047122465847349915,-0.41531764008209304,-0.13521480695277255,1.6965612336188878
-0.25708574929762307,0.1940676374242536,-0.431370147365258,0.015342322237971055
0.015352249507062377,0.7351786506601834,1.0,6.384722787463498
-0.4476216479575721,1.0,-0.28538750149578207,6.659584573487336
0.22706744937775047,-0.38272729819901596,0.36789954512932455,0.7510692551689229
1.0,0.15616517517854867,0.7562432490854392,10.300934754204008
0.012636215828786934,0.1726106010324997,-0.1620864714849346,0.5319669844460413
0.33203800834174313,0.6205209226242983,-1.0,-3.382514851239943
0.9508195644432722,0.427171857456075,-1.0,7.986727473279757
-0.020075959834571444,1.0,0.15585778598626532,8.60692335396748
0.23836257544640538,-0.20894022209033158,-0.058880369117512155,0.7675115152188006
-0.3595986786153593,1.0,1.0,15.107599537509932
-0.10993923353570434,1.0,-0.03466427407121109,7.946980186526568
-0.649510836899259,-1.0,-0.02772278340236478,5.067923158933673
0.35787417930785614,0.07116098069600785,0.9578316453261286,-0.45528561032981435
0.1573806873432655,-0.7285295685241031,1.0,-4.002034930634381
-1.0,0.9925067038326212,1.0,17.82166949592069
-1.0,1.0,-0.8487221421690496,15.10598551135523
1.0,-0.33392771894178264,-0.36017524611220786,4.842787917847261
-1.0,-0.12936033498983424,0.0035607783283808647,-4.842124433531833
0.09036352913866463,0.909916886768152,-0.7715988830388247,4.817831860730317
-0.6204708359716549,1.0,0.13181119349401826,4.654161013735314
0.1979807880843969,0.9658251411549894,0.30244346818214085,5.960529519448415
0.017191717780657756,-0.6247727081603294,-0.5051775595119263,0.9679057963398378
0.25846324741913085,-0.722745580386007,-1.0,-9.05916470605276
-0.35639138870648157,1.0,1.0,14.657047328116436
-0.43583786459509377,0.3339528941369554,0.1650901706681105,-0.5015850431768185
-0.12892658879191599,-0.5147561001783323,0.8829126837293175,-0.3467446113741929
0.843466478319479,0.039499443179452864,-0.05541032030812887,2.7144461442325785
0.6082147805547304,-0.9076631545213991,0.43394107904809154,0.06344263158295155
-1.0,0.04422956046790727,-0.5292729154464144,-1.7484274317806041
-0.29999131843999405,0.8799050590097648,-1.0,-3.0153912051171177
-0.24461903043580624,-0.007319200843959761,-0.11002204513312641,0.139785995419898
1.0,-0.9464286448756425,0.6141128386099972,-2.892078864571976
1.0,-0.2644431425418827,0.4976639322002283,5.112553796136982
-0.08542407902657212,-0.413231864294477,-1.0,-5.126760040360083
0.2772129140858657,-1.0,-0.7346512846073079,-6.344114100519536
-0.4864834872906445,-0.017467913875826024,-0.8088864545306624,-0.017464713018350453
1.0,-0.13123147218293174,0.32782883765488435,5.659473459280463
-0.6247184307505971,-0.5898871469149005,0.06228570014985646,0.9435967931873752
-0.4283890981471463,0.8635147857549723,-0.1279223362585873,1.8454458333667687
-0.3418440502285296,-0.7535637360955889,0.4983779589455555,1.3473584677506905
-0.1836581356928435,0.4287275175193572,0.06406441050024148,-0.1866488870184207
-1.0,1.0,1.0,17.17197954188854
-1.0,1.0,0.358806808625197,3.347779334117232
1.0,0.5620315035808972,-1.0,13.964924711676984
-0.02649975892776335,1.0,-0.9983564664426849,4.718983134244284
-1.0,-0.7571287757823977,1.0,15.40539085445038
0.9277288333876144,0.37150079321688256,-0.23136861878109416,3.6509284209406294
0.0059931879903989405,0.9647616141079536,-0.18835076349133906,6.513807571291478
0.8480117203785273,-0.7148359039467473,0.6794969730485376,0.7970974151054591
-0.6546809378944543,0.6821696087751425,0.24287421634569029,-2.3513069083008733
-0.49957638816785166,-0.9483138590912661,0.11341099470572202,3.0307012751076434
-0.6956660318824681,0.4339066925480388,0.8412969679351143,-0.8041829783865997
0.7181630304687083,-0.5902695391550536,-0.27270917662188476,0.8964980461723665
