degree,n_terms,mean_train_mse,mean_val_mse,std_val_mse,mean_val_r2
1,7,9.03834163259516,9.105975863352421,0.5758513885200406,0.11421031594338697
2,28,3.1565981383592967,3.4025414401064515,0.3204275949347773,0.6687025557550144
3,84,0.8154308360821743,1.0429301648135259,0.1440675890642351,0.8986710329284188
4,210,0.36076619402249843,0.7536578141235217,0.06252095643553848,0.9266692508022281
5,462,0.11177785004484404,1.1145880037995974,0.17113300308996143,0.8916575559448037
6,924,4.972898847067115e-27,96.53259720103414,64.95027805413825,-8.38802075117647
7,1716,7.041684999896708e-28,6.1326176864491115,2.486224762919675,0.40573565339045353
8,3003,8.981940934513149e-28,3.8788809941993123,1.290809424223095,0.6243426802071835
9,5005,1.0987084729618257e-27,3.566410325561024,1.0576614763565149,0.6545105921221396
10,8008,1.9857790269196605e-27,3.394344930530395,1.1225096095864004,0.6715508428320881
11,12376,3.6585124076354495e-27,3.585364656258289,1.2557917190540595,0.6530064790237079
12,18564,7.090208931325432e-27,3.606990162437713,1.3321490391506765,0.6511374219238423
